pnl,trades,win_rate,roi,max_dd,edge,conf,kelly
9656137.74,71651,98.6,67.4,20.1,0.01,0.4,0.1
9656064.48,71651,98.6,67.4,20.1,0.01,0.4,0.15
9656049.2,71651,98.6,67.4,20.1,0.01,0.4,0.2
9656049.2,71651,98.6,67.4,20.1,0.01,0.4,0.25
9656049.2,71651,98.6,67.4,20.1,0.01,0.4,0.3
9656049.2,71651,98.6,67.4,20.1,0.01,0.4,0.4
9656049.2,71651,98.6,67.4,20.1,0.01,0.4,0.5
9625025.88,61065,98.3,78.8,20.1,0.02,0.4,0.1
9625025.88,61065,98.3,78.8,20.1,0.02,0.4,0.15
9625025.88,61065,98.3,78.8,20.1,0.02,0.4,0.2
9625025.88,61065,98.3,78.8,20.1,0.02,0.4,0.25
9625025.88,61065,98.3,78.8,20.1,0.02,0.4,0.3
9625025.88,61065,98.3,78.8,20.1,0.02,0.4,0.4
9625025.88,61065,98.3,78.8,20.1,0.02,0.4,0.5
9573210.01,50902,98.0,94.0,20.2,0.03,0.4,0.1
9573210.01,50902,98.0,94.0,20.2,0.03,0.4,0.15
9573210.01,50902,98.0,94.0,20.2,0.03,0.4,0.2
9573210.01,50902,98.0,94.0,20.2,0.03,0.4,0.25
9573210.01,50902,98.0,94.0,20.2,0.03,0.4,0.3
9573210.01,50902,98.0,94.0,20.2,0.03,0.4,0.4
9573210.01,50902,98.0,94.0,20.2,0.03,0.4,0.5
9504377.3,41433,97.6,114.7,20.3,0.04,0.4,0.1
9504377.3,41433,97.6,114.7,20.3,0.04,0.4,0.15
9504377.3,41433,97.6,114.7,20.3,0.04,0.4,0.2
9504377.3,41433,97.6,114.7,20.3,0.04,0.4,0.25
9504377.3,41433,97.6,114.7,20.3,0.04,0.4,0.3
9504377.3,41433,97.6,114.7,20.3,0.04,0.4,0.4
9504377.3,41433,97.6,114.7,20.3,0.04,0.4,0.5
9426588.47,33135,97.0,142.2,20.3,0.05,0.4,0.1
9426588.47,33135,97.0,142.2,20.3,0.05,0.4,0.15
9426588.47,33135,97.0,142.2,20.3,0.05,0.4,0.2
9426588.47,33135,97.0,142.2,20.3,0.05,0.4,0.25
9426588.47,33135,97.0,142.2,20.3,0.05,0.4,0.3
9426588.47,33135,97.0,142.2,20.3,0.05,0.4,0.4
9426588.47,33135,97.0,142.2,20.3,0.05,0.4,0.5
9346521.87,26220,96.2,178.2,20.3,0.06,0.4,0.1
9346521.87,26220,96.2,178.2,20.3,0.06,0.4,0.15
9346521.87,26220,96.2,178.2,20.3,0.06,0.4,0.2
9346521.87,26220,96.2,178.2,20.3,0.06,0.4,0.25
9346521.87,26220,96.2,178.2,20.3,0.06,0.4,0.3
9346521.87,26220,96.2,178.2,20.3,0.06,0.4,0.4
9346521.87,26220,96.2,178.2,20.3,0.06,0.4,0.5
9315614.66,71515,98.7,65.1,14.0,0.01,0.45,0.1
9315541.4,71515,98.7,65.1,14.0,0.01,0.45,0.15
9315526.13,71515,98.7,65.1,14.0,0.01,0.45,0.2
9315526.13,71515,98.7,65.1,14.0,0.01,0.45,0.25
9315526.13,71515,98.7,65.1,14.0,0.01,0.45,0.3
9315526.13,71515,98.7,65.1,14.0,0.01,0.45,0.4
9315526.13,71515,98.7,65.1,14.0,0.01,0.45,0.5
9284502.8,60929,98.5,76.2,14.0,0.02,0.45,0.1
9284502.8,60929,98.5,76.2,14.0,0.02,0.45,0.15
9284502.8,60929,98.5,76.2,14.0,0.02,0.45,0.2
9284502.8,60929,98.5,76.2,14.0,0.02,0.45,0.25
9284502.8,60929,98.5,76.2,14.0,0.02,0.45,0.3
9284502.8,60929,98.5,76.2,14.0,0.02,0.45,0.4
9284502.8,60929,98.5,76.2,14.0,0.02,0.45,0.5
9232686.93,50766,98.2,90.9,14.0,0.03,0.45,0.1
9232686.93,50766,98.2,90.9,14.0,0.03,0.45,0.15
9232686.93,50766,98.2,90.9,14.0,0.03,0.45,0.2
9232686.93,50766,98.2,90.9,14.0,0.03,0.45,0.25
9232686.93,50766,98.2,90.9,14.0,0.03,0.45,0.3
9232686.93,50766,98.2,90.9,14.0,0.03,0.45,0.4
9232686.93,50766,98.2,90.9,14.0,0.03,0.45,0.5
9189965.48,15752,93.8,291.7,20.4,0.08,0.4,0.1
9189965.48,15752,93.8,291.7,20.4,0.08,0.4,0.15
9189965.48,15752,93.8,291.7,20.4,0.08,0.4,0.2
9189965.48,15752,93.8,291.7,20.4,0.08,0.4,0.25
9189965.48,15752,93.8,291.7,20.4,0.08,0.4,0.3
9189965.48,15752,93.8,291.7,20.4,0.08,0.4,0.4
9189965.48,15752,93.8,291.7,20.4,0.08,0.4,0.5
9163854.22,41297,97.8,111.0,14.0,0.04,0.45,0.1
9163854.22,41297,97.8,111.0,14.0,0.04,0.45,0.15
9163854.22,41297,97.8,111.0,14.0,0.04,0.45,0.2
9163854.22,41297,97.8,111.0,14.0,0.04,0.45,0.25
9163854.22,41297,97.8,111.0,14.0,0.04,0.45,0.3
9163854.22,41297,97.8,111.0,14.0,0.04,0.45,0.4
9163854.22,41297,97.8,111.0,14.0,0.04,0.45,0.5
9086065.39,32999,97.2,137.7,14.0,0.05,0.45,0.1
9086065.39,32999,97.2,137.7,14.0,0.05,0.45,0.15
9086065.39,32999,97.2,137.7,14.0,0.05,0.45,0.2
9086065.39,32999,97.2,137.7,14.0,0.05,0.45,0.25
9086065.39,32999,97.2,137.7,14.0,0.05,0.45,0.3
9086065.39,32999,97.2,137.7,14.0,0.05,0.45,0.4
9086065.39,32999,97.2,137.7,14.0,0.05,0.45,0.5
9065682.95,9415,89.6,481.4,20.4,0.1,0.4,0.1
9065682.95,9415,89.6,481.4,20.4,0.1,0.4,0.15
9065682.95,9415,89.6,481.4,20.4,0.1,0.4,0.2
9065682.95,9415,89.6,481.4,20.4,0.1,0.4,0.25
9065682.95,9415,89.6,481.4,20.4,0.1,0.4,0.3
9065682.95,9415,89.6,481.4,20.4,0.1,0.4,0.4
9065682.95,9415,89.6,481.4,20.4,0.1,0.4,0.5
9005998.79,26084,96.5,172.6,14.0,0.06,0.45,0.1
9005998.79,26084,96.5,172.6,14.0,0.06,0.45,0.15
9005998.79,26084,96.5,172.6,14.0,0.06,0.45,0.2
9005998.79,26084,96.5,172.6,14.0,0.06,0.45,0.25
9005998.79,26084,96.5,172.6,14.0,0.06,0.45,0.3
9005998.79,26084,96.5,172.6,14.0,0.06,0.45,0.4
9005998.79,26084,96.5,172.6,14.0,0.06,0.45,0.5
8978625.87,5850,83.4,767.4,20.4,0.12,0.4,0.1
8978625.87,5850,83.4,767.4,20.4,0.12,0.4,0.15
8978625.87,5850,83.4,767.4,20.4,0.12,0.4,0.2
8978625.87,5850,83.4,767.4,20.4,0.12,0.4,0.25
8978625.87,5850,83.4,767.4,20.4,0.12,0.4,0.3
8978625.87,5850,83.4,767.4,20.4,0.12,0.4,0.4
8978625.87,5850,83.4,767.4,20.4,0.12,0.4,0.5
8910818.63,3637,73.3,1225.0,20.4,0.15,0.4,0.1
8910818.63,3637,73.3,1225.0,20.4,0.15,0.4,0.15
8910818.63,3637,73.3,1225.0,20.4,0.15,0.4,0.2
8910818.63,3637,73.3,1225.0,20.4,0.15,0.4,0.25
8910818.63,3637,73.3,1225.0,20.4,0.15,0.4,0.3
8910818.63,3637,73.3,1225.0,20.4,0.15,0.4,0.4
8910818.63,3637,73.3,1225.0,20.4,0.15,0.4,0.5
8849442.4,15616,94.3,283.3,12.2,0.08,0.45,0.1
8849442.4,15616,94.3,283.3,12.2,0.08,0.45,0.15
8849442.4,15616,94.3,283.3,12.2,0.08,0.45,0.2
8849442.4,15616,94.3,283.3,12.2,0.08,0.45,0.25
8849442.4,15616,94.3,283.3,12.2,0.08,0.45,0.3
8849442.4,15616,94.3,283.3,12.2,0.08,0.45,0.4
8849442.4,15616,94.3,283.3,12.2,0.08,0.45,0.5
8847608.21,71313,98.8,62.0,14.0,0.01,0.5,0.1
8847534.94,71313,98.8,62.0,14.0,0.01,0.5,0.15
8847519.67,71313,98.8,62.0,14.0,0.01,0.5,0.2
8847519.67,71313,98.8,62.0,14.0,0.01,0.5,0.25
8847519.67,71313,98.8,62.0,14.0,0.01,0.5,0.3
8847519.67,71313,98.8,62.0,14.0,0.01,0.5,0.4
8847519.67,71313,98.8,62.0,14.0,0.01,0.5,0.5
8816496.34,60727,98.7,72.6,14.0,0.02,0.5,0.1
8816496.34,60727,98.7,72.6,14.0,0.02,0.5,0.15
8816496.34,60727,98.7,72.6,14.0,0.02,0.5,0.2
8816496.34,60727,98.7,72.6,14.0,0.02,0.5,0.25
8816496.34,60727,98.7,72.6,14.0,0.02,0.5,0.3
8816496.34,60727,98.7,72.6,14.0,0.02,0.5,0.4
8816496.34,60727,98.7,72.6,14.0,0.02,0.5,0.5
8764680.47,50564,98.4,86.7,14.0,0.03,0.5,0.1
8764680.47,50564,98.4,86.7,14.0,0.03,0.5,0.15
8764680.47,50564,98.4,86.7,14.0,0.03,0.5,0.2
8764680.47,50564,98.4,86.7,14.0,0.03,0.5,0.25
8764680.47,50564,98.4,86.7,14.0,0.03,0.5,0.3
8764680.47,50564,98.4,86.7,14.0,0.03,0.5,0.4
8764680.47,50564,98.4,86.7,14.0,0.03,0.5,0.5
8725159.87,9279,90.4,470.2,12.2,0.1,0.45,0.1
8725159.87,9279,90.4,470.2,12.2,0.1,0.45,0.15
8725159.87,9279,90.4,470.2,12.2,0.1,0.45,0.2
8725159.87,9279,90.4,470.2,12.2,0.1,0.45,0.25
8725159.87,9279,90.4,470.2,12.2,0.1,0.45,0.3
8725159.87,9279,90.4,470.2,12.2,0.1,0.45,0.4
8725159.87,9279,90.4,470.2,12.2,0.1,0.45,0.5
8695847.76,41095,98.1,105.8,14.0,0.04,0.5,0.1
8695847.76,41095,98.1,105.8,14.0,0.04,0.5,0.15
8695847.76,41095,98.1,105.8,14.0,0.04,0.5,0.2
8695847.76,41095,98.1,105.8,14.0,0.04,0.5,0.25
8695847.76,41095,98.1,105.8,14.0,0.04,0.5,0.3
8695847.76,41095,98.1,105.8,14.0,0.04,0.5,0.4
8695847.76,41095,98.1,105.8,14.0,0.04,0.5,0.5
8638102.79,5714,84.4,755.9,12.2,0.12,0.45,0.1
8638102.79,5714,84.4,755.9,12.2,0.12,0.45,0.15
8638102.79,5714,84.4,755.9,12.2,0.12,0.45,0.2
8638102.79,5714,84.4,755.9,12.2,0.12,0.45,0.25
8638102.79,5714,84.4,755.9,12.2,0.12,0.45,0.3
8638102.79,5714,84.4,755.9,12.2,0.12,0.45,0.4
8638102.79,5714,84.4,755.9,12.2,0.12,0.45,0.5
8618058.93,32797,97.6,131.4,14.0,0.05,0.5,0.1
8618058.93,32797,97.6,131.4,14.0,0.05,0.5,0.15
8618058.93,32797,97.6,131.4,14.0,0.05,0.5,0.2
8618058.93,32797,97.6,131.4,14.0,0.05,0.5,0.25
8618058.93,32797,97.6,131.4,14.0,0.05,0.5,0.3
8618058.93,32797,97.6,131.4,14.0,0.05,0.5,0.4
8618058.93,32797,97.6,131.4,14.0,0.05,0.5,0.5
8570295.55,3501,74.6,1224.0,12.2,0.15,0.45,0.1
8570295.55,3501,74.6,1224.0,12.2,0.15,0.45,0.15
8570295.55,3501,74.6,1224.0,12.2,0.15,0.45,0.2
8570295.55,3501,74.6,1224.0,12.2,0.15,0.45,0.25
8570295.55,3501,74.6,1224.0,12.2,0.15,0.45,0.3
8570295.55,3501,74.6,1224.0,12.2,0.15,0.45,0.4
8570295.55,3501,74.6,1224.0,12.2,0.15,0.45,0.5
8537992.33,25882,97.0,164.9,14.0,0.06,0.5,0.1
8537992.33,25882,97.0,164.9,14.0,0.06,0.5,0.15
8537992.33,25882,97.0,164.9,14.0,0.06,0.5,0.2
8537992.33,25882,97.0,164.9,14.0,0.06,0.5,0.25
8537992.33,25882,97.0,164.9,14.0,0.06,0.5,0.3
8537992.33,25882,97.0,164.9,14.0,0.06,0.5,0.4
8537992.33,25882,97.0,164.9,14.0,0.06,0.5,0.5
8436540.26,71126,99.0,59.3,14.0,0.01,0.55,0.1
8436467.0,71126,99.0,59.3,14.0,0.01,0.55,0.15
8436451.72,71126,99.0,59.3,14.0,0.01,0.55,0.2
8436451.72,71126,99.0,59.3,14.0,0.01,0.55,0.25
8436451.72,71126,99.0,59.3,14.0,0.01,0.55,0.3
8436451.72,71126,99.0,59.3,14.0,0.01,0.55,0.4
8436451.72,71126,99.0,59.3,14.0,0.01,0.55,0.5
8405428.39,60540,98.9,69.4,14.0,0.02,0.55,0.1
8405428.39,60540,98.9,69.4,14.0,0.02,0.55,0.15
8405428.39,60540,98.9,69.4,14.0,0.02,0.55,0.2
8405428.39,60540,98.9,69.4,14.0,0.02,0.55,0.25
8405428.39,60540,98.9,69.4,14.0,0.02,0.55,0.3
8405428.39,60540,98.9,69.4,14.0,0.02,0.55,0.4
8405428.39,60540,98.9,69.4,14.0,0.02,0.55,0.5
8381435.94,15414,95.0,271.9,12.2,0.08,0.5,0.1
8381435.94,15414,95.0,271.9,12.2,0.08,0.5,0.15
8381435.94,15414,95.0,271.9,12.2,0.08,0.5,0.2
8381435.94,15414,95.0,271.9,12.2,0.08,0.5,0.25
8381435.94,15414,95.0,271.9,12.2,0.08,0.5,0.3
8381435.94,15414,95.0,271.9,12.2,0.08,0.5,0.4
8381435.94,15414,95.0,271.9,12.2,0.08,0.5,0.5
8353612.52,50377,98.6,82.9,14.0,0.03,0.55,0.1
8353612.52,50377,98.6,82.9,14.0,0.03,0.55,0.15
8353612.52,50377,98.6,82.9,14.0,0.03,0.55,0.2
8353612.52,50377,98.6,82.9,14.0,0.03,0.55,0.25
8353612.52,50377,98.6,82.9,14.0,0.03,0.55,0.3
8353612.52,50377,98.6,82.9,14.0,0.03,0.55,0.4
8353612.52,50377,98.6,82.9,14.0,0.03,0.55,0.5
8335534.02,71076,99.1,58.6,14.0,0.01,0.6,0.1
8335460.76,71076,99.1,58.6,14.0,0.01,0.6,0.15
8335445.49,71076,99.1,58.6,14.0,0.01,0.6,0.2
8335445.49,71076,99.1,58.6,14.0,0.01,0.6,0.25
8335445.49,71076,99.1,58.6,14.0,0.01,0.6,0.3
8335445.49,71076,99.1,58.6,14.0,0.01,0.6,0.4
8335445.49,71076,99.1,58.6,14.0,0.01,0.6,0.5
8304422.16,60490,98.9,68.6,14.0,0.02,0.6,0.1
8304422.16,60490,98.9,68.6,14.0,0.02,0.6,0.15
8304422.16,60490,98.9,68.6,14.0,0.02,0.6,0.2
8304422.16,60490,98.9,68.6,14.0,0.02,0.6,0.25
8304422.16,60490,98.9,68.6,14.0,0.02,0.6,0.3
8304422.16,60490,98.9,68.6,14.0,0.02,0.6,0.4
8304422.16,60490,98.9,68.6,14.0,0.02,0.6,0.5
8284779.82,40908,98.3,101.3,14.0,0.04,0.55,0.1
8284779.82,40908,98.3,101.3,14.0,0.04,0.55,0.15
8284779.82,40908,98.3,101.3,14.0,0.04,0.55,0.2
8284779.82,40908,98.3,101.3,14.0,0.04,0.55,0.25
8284779.82,40908,98.3,101.3,14.0,0.04,0.55,0.3
8284779.82,40908,98.3,101.3,14.0,0.04,0.55,0.4
8284779.82,40908,98.3,101.3,14.0,0.04,0.55,0.5
8257153.41,9077,91.6,454.8,12.2,0.1,0.5,0.1
8257153.41,9077,91.6,454.8,12.2,0.1,0.5,0.15
8257153.41,9077,91.6,454.8,12.2,0.1,0.5,0.2
8257153.41,9077,91.6,454.8,12.2,0.1,0.5,0.25
8257153.41,9077,91.6,454.8,12.2,0.1,0.5,0.3
8257153.41,9077,91.6,454.8,12.2,0.1,0.5,0.4
8257153.41,9077,91.6,454.8,12.2,0.1,0.5,0.5
8252606.29,50327,98.7,82.0,14.0,0.03,0.6,0.1
8252606.29,50327,98.7,82.0,14.0,0.03,0.6,0.15
8252606.29,50327,98.7,82.0,14.0,0.03,0.6,0.2
8252606.29,50327,98.7,82.0,14.0,0.03,0.6,0.25
8252606.29,50327,98.7,82.0,14.0,0.03,0.6,0.3
8252606.29,50327,98.7,82.0,14.0,0.03,0.6,0.4
8252606.29,50327,98.7,82.0,14.0,0.03,0.6,0.5
8206990.98,32610,98.0,125.8,14.0,0.05,0.55,0.1
8206990.98,32610,98.0,125.8,14.0,0.05,0.55,0.15
8206990.98,32610,98.0,125.8,14.0,0.05,0.55,0.2
8206990.98,32610,98.0,125.8,14.0,0.05,0.55,0.25
8206990.98,32610,98.0,125.8,14.0,0.05,0.55,0.3
8206990.98,32610,98.0,125.8,14.0,0.05,0.55,0.4
8206990.98,32610,98.0,125.8,14.0,0.05,0.55,0.5
8183773.58,40858,98.4,100.1,14.0,0.04,0.6,0.1
8183773.58,40858,98.4,100.1,14.0,0.04,0.6,0.15
8183773.58,40858,98.4,100.1,14.0,0.04,0.6,0.2
8183773.58,40858,98.4,100.1,14.0,0.04,0.6,0.25
8183773.58,40858,98.4,100.1,14.0,0.04,0.6,0.3
8183773.58,40858,98.4,100.1,14.0,0.04,0.6,0.4
8183773.58,40858,98.4,100.1,14.0,0.04,0.6,0.5
8170096.33,5512,86.2,741.1,12.2,0.12,0.5,0.1
8170096.33,5512,86.2,741.1,12.2,0.12,0.5,0.15
8170096.33,5512,86.2,741.1,12.2,0.12,0.5,0.2
8170096.33,5512,86.2,741.1,12.2,0.12,0.5,0.25
8170096.33,5512,86.2,741.1,12.2,0.12,0.5,0.3
8170096.33,5512,86.2,741.1,12.2,0.12,0.5,0.4
8170096.33,5512,86.2,741.1,12.2,0.12,0.5,0.5
8126924.39,25695,97.4,158.1,14.0,0.06,0.55,0.1
8126924.39,25695,97.4,158.1,14.0,0.06,0.55,0.15
8126924.39,25695,97.4,158.1,14.0,0.06,0.55,0.2
8126924.39,25695,97.4,158.1,14.0,0.06,0.55,0.25
8126924.39,25695,97.4,158.1,14.0,0.06,0.55,0.3
8126924.39,25695,97.4,158.1,14.0,0.06,0.55,0.4
8126924.39,25695,97.4,158.1,14.0,0.06,0.55,0.5
8112430.94,70992,99.1,57.1,14.0,0.01,0.65,0.1
8112357.68,70992,99.1,57.1,14.0,0.01,0.65,0.15
8112342.4,70992,99.1,57.1,14.0,0.01,0.65,0.2
8112342.4,70992,99.1,57.1,14.0,0.01,0.65,0.25
8112342.4,70992,99.1,57.1,14.0,0.01,0.65,0.3
8112342.4,70992,99.1,57.1,14.0,0.01,0.65,0.4
8112342.4,70992,99.1,57.1,14.0,0.01,0.65,0.5
8105984.75,32560,98.1,124.5,14.0,0.05,0.6,0.1
8105984.75,32560,98.1,124.5,14.0,0.05,0.6,0.15
8105984.75,32560,98.1,124.5,14.0,0.05,0.6,0.2
8105984.75,32560,98.1,124.5,14.0,0.05,0.6,0.25
8105984.75,32560,98.1,124.5,14.0,0.05,0.6,0.3
8105984.75,32560,98.1,124.5,14.0,0.05,0.6,0.4
8105984.75,32560,98.1,124.5,14.0,0.05,0.6,0.5
8102289.1,3299,76.9,1228.0,12.2,0.15,0.5,0.1
8102289.1,3299,76.9,1228.0,12.2,0.15,0.5,0.15
8102289.1,3299,76.9,1228.0,12.2,0.15,0.5,0.2
8102289.1,3299,76.9,1228.0,12.2,0.15,0.5,0.25
8102289.1,3299,76.9,1228.0,12.2,0.15,0.5,0.3
8102289.1,3299,76.9,1228.0,12.2,0.15,0.5,0.4
8102289.1,3299,76.9,1228.0,12.2,0.15,0.5,0.5
8081319.08,60406,99.0,66.9,14.0,0.02,0.65,0.1
8081319.08,60406,99.0,66.9,14.0,0.02,0.65,0.15
8081319.08,60406,99.0,66.9,14.0,0.02,0.65,0.2
8081319.08,60406,99.0,66.9,14.0,0.02,0.65,0.25
8081319.08,60406,99.0,66.9,14.0,0.02,0.65,0.3
8081319.08,60406,99.0,66.9,14.0,0.02,0.65,0.4
8081319.08,60406,99.0,66.9,14.0,0.02,0.65,0.5
8049810.0,70946,99.2,56.7,14.0,0.01,0.7,0.1
8049736.73,70946,99.2,56.7,14.0,0.01,0.7,0.15
8049721.46,70946,99.2,56.7,14.0,0.01,0.7,0.2
8049721.46,70946,99.2,56.7,14.0,0.01,0.7,0.25
8049721.46,70946,99.2,56.7,14.0,0.01,0.7,0.3
8049721.46,70946,99.2,56.7,14.0,0.01,0.7,0.4
8049721.46,70946,99.2,56.7,14.0,0.01,0.7,0.5
8029503.2,50243,98.8,79.9,14.0,0.03,0.65,0.1
8029503.2,50243,98.8,79.9,14.0,0.03,0.65,0.15
8029503.2,50243,98.8,79.9,14.0,0.03,0.65,0.2
8029503.2,50243,98.8,79.9,14.0,0.03,0.65,0.25
8029503.2,50243,98.8,79.9,14.0,0.03,0.65,0.3
8029503.2,50243,98.8,79.9,14.0,0.03,0.65,0.4
8029503.2,50243,98.8,79.9,14.0,0.03,0.65,0.5
8025918.15,25645,97.6,156.5,14.0,0.06,0.6,0.1
8025918.15,25645,97.6,156.5,14.0,0.06,0.6,0.15
8025918.15,25645,97.6,156.5,14.0,0.06,0.6,0.2
8025918.15,25645,97.6,156.5,14.0,0.06,0.6,0.25
8025918.15,25645,97.6,156.5,14.0,0.06,0.6,0.3
8025918.15,25645,97.6,156.5,14.0,0.06,0.6,0.4
8025918.15,25645,97.6,156.5,14.0,0.06,0.6,0.5
8018698.13,60360,99.0,66.4,14.0,0.02,0.7,0.1
8018698.13,60360,99.0,66.4,14.0,0.02,0.7,0.15
8018698.13,60360,99.0,66.4,14.0,0.02,0.7,0.2
8018698.13,60360,99.0,66.4,14.0,0.02,0.7,0.25
8018698.13,60360,99.0,66.4,14.0,0.02,0.7,0.3
8018698.13,60360,99.0,66.4,14.0,0.02,0.7,0.4
8018698.13,60360,99.0,66.4,14.0,0.02,0.7,0.5
7970367.99,15227,95.7,261.7,12.2,0.08,0.55,0.1
7970367.99,15227,95.7,261.7,12.2,0.08,0.55,0.15
7970367.99,15227,95.7,261.7,12.2,0.08,0.55,0.2
7970367.99,15227,95.7,261.7,12.2,0.08,0.55,0.25
7970367.99,15227,95.7,261.7,12.2,0.08,0.55,0.3
7970367.99,15227,95.7,261.7,12.2,0.08,0.55,0.4
7970367.99,15227,95.7,261.7,12.2,0.08,0.55,0.5
7966882.26,50197,98.9,79.4,14.0,0.03,0.7,0.1
7966882.26,50197,98.9,79.4,14.0,0.03,0.7,0.15
7966882.26,50197,98.9,79.4,14.0,0.03,0.7,0.2
7966882.26,50197,98.9,79.4,14.0,0.03,0.7,0.25
7966882.26,50197,98.9,79.4,14.0,0.03,0.7,0.3
7966882.26,50197,98.9,79.4,14.0,0.03,0.7,0.4
7966882.26,50197,98.9,79.4,14.0,0.03,0.7,0.5
7960670.5,40774,98.5,97.6,14.0,0.04,0.65,0.1
7960670.5,40774,98.5,97.6,14.0,0.04,0.65,0.15
7960670.5,40774,98.5,97.6,14.0,0.04,0.65,0.2
7960670.5,40774,98.5,97.6,14.0,0.04,0.65,0.25
7960670.5,40774,98.5,97.6,14.0,0.04,0.65,0.3
7960670.5,40774,98.5,97.6,14.0,0.04,0.65,0.4
7960670.5,40774,98.5,97.6,14.0,0.04,0.65,0.5
7898049.55,40728,98.6,97.0,14.0,0.04,0.7,0.1
7898049.55,40728,98.6,97.0,14.0,0.04,0.7,0.15
7898049.55,40728,98.6,97.0,14.0,0.04,0.7,0.2
7898049.55,40728,98.6,97.0,14.0,0.04,0.7,0.25
7898049.55,40728,98.6,97.0,14.0,0.04,0.7,0.3
7898049.55,40728,98.6,97.0,14.0,0.04,0.7,0.4
7898049.55,40728,98.6,97.0,14.0,0.04,0.7,0.5
7882881.66,32476,98.2,121.4,14.0,0.05,0.65,0.1
7882881.66,32476,98.2,121.4,14.0,0.05,0.65,0.15
7882881.66,32476,98.2,121.4,14.0,0.05,0.65,0.2
7882881.66,32476,98.2,121.4,14.0,0.05,0.65,0.25
7882881.66,32476,98.2,121.4,14.0,0.05,0.65,0.3
7882881.66,32476,98.2,121.4,14.0,0.05,0.65,0.4
7882881.66,32476,98.2,121.4,14.0,0.05,0.65,0.5
7869361.76,15177,95.9,259.3,12.2,0.08,0.6,0.1
7869361.76,15177,95.9,259.3,12.2,0.08,0.6,0.15
7869361.76,15177,95.9,259.3,12.2,0.08,0.6,0.2
7869361.76,15177,95.9,259.3,12.2,0.08,0.6,0.25
7869361.76,15177,95.9,259.3,12.2,0.08,0.6,0.3
7869361.76,15177,95.9,259.3,12.2,0.08,0.6,0.4
7869361.76,15177,95.9,259.3,12.2,0.08,0.6,0.5
7846085.46,8890,92.7,441.3,12.2,0.1,0.55,0.1
7846085.46,8890,92.7,441.3,12.2,0.1,0.55,0.15
7846085.46,8890,92.7,441.3,12.2,0.1,0.55,0.2
7846085.46,8890,92.7,441.3,12.2,0.1,0.55,0.25
7846085.46,8890,92.7,441.3,12.2,0.1,0.55,0.3
7846085.46,8890,92.7,441.3,12.2,0.1,0.55,0.4
7846085.46,8890,92.7,441.3,12.2,0.1,0.55,0.5
7820260.72,32430,98.3,120.6,14.0,0.05,0.7,0.1
7820260.72,32430,98.3,120.6,14.0,0.05,0.7,0.15
7820260.72,32430,98.3,120.6,14.0,0.05,0.7,0.2
7820260.72,32430,98.3,120.6,14.0,0.05,0.7,0.25
7820260.72,32430,98.3,120.6,14.0,0.05,0.7,0.3
7820260.72,32430,98.3,120.6,14.0,0.05,0.7,0.4
7820260.72,32430,98.3,120.6,14.0,0.05,0.7,0.5
7802815.07,25561,97.7,152.6,14.0,0.06,0.65,0.1
7802815.07,25561,97.7,152.6,14.0,0.06,0.65,0.15
7802815.07,25561,97.7,152.6,14.0,0.06,0.65,0.2
7802815.07,25561,97.7,152.6,14.0,0.06,0.65,0.25
7802815.07,25561,97.7,152.6,14.0,0.06,0.65,0.3
7802815.07,25561,97.7,152.6,14.0,0.06,0.65,0.4
7802815.07,25561,97.7,152.6,14.0,0.06,0.65,0.5
7759028.38,5325,87.8,728.5,12.2,0.12,0.55,0.1
7759028.38,5325,87.8,728.5,12.2,0.12,0.55,0.15
7759028.38,5325,87.8,728.5,12.2,0.12,0.55,0.2
7759028.38,5325,87.8,728.5,12.2,0.12,0.55,0.25
7759028.38,5325,87.8,728.5,12.2,0.12,0.55,0.3
7759028.38,5325,87.8,728.5,12.2,0.12,0.55,0.4
7759028.38,5325,87.8,728.5,12.2,0.12,0.55,0.5
7745079.23,8840,93.1,438.1,12.2,0.1,0.6,0.1
7745079.23,8840,93.1,438.1,12.2,0.1,0.6,0.15
7745079.23,8840,93.1,438.1,12.2,0.1,0.6,0.2
7745079.23,8840,93.1,438.1,12.2,0.1,0.6,0.25
7745079.23,8840,93.1,438.1,12.2,0.1,0.6,0.3
7745079.23,8840,93.1,438.1,12.2,0.1,0.6,0.4
7745079.23,8840,93.1,438.1,12.2,0.1,0.6,0.5
7740194.12,25515,97.9,151.7,14.0,0.06,0.7,0.1
7740194.12,25515,97.9,151.7,14.0,0.06,0.7,0.15
7740194.12,25515,97.9,151.7,14.0,0.06,0.7,0.2
7740194.12,25515,97.9,151.7,14.0,0.06,0.7,0.25
7740194.12,25515,97.9,151.7,14.0,0.06,0.7,0.3
7740194.12,25515,97.9,151.7,14.0,0.06,0.7,0.4
7740194.12,25515,97.9,151.7,14.0,0.06,0.7,0.5
7691221.15,3112,79.2,1235.7,12.2,0.15,0.55,0.1
7691221.15,3112,79.2,1235.7,12.2,0.15,0.55,0.15
7691221.15,3112,79.2,1235.7,12.2,0.15,0.55,0.2
7691221.15,3112,79.2,1235.7,12.2,0.15,0.55,0.25
7691221.15,3112,79.2,1235.7,12.2,0.15,0.55,0.3
7691221.15,3112,79.2,1235.7,12.2,0.15,0.55,0.4
7691221.15,3112,79.2,1235.7,12.2,0.15,0.55,0.5
7668343.98,70827,99.2,54.1,14.0,0.01,0.75,0.1
7668270.72,70827,99.2,54.1,14.0,0.01,0.75,0.15
7668255.44,70827,99.2,54.1,14.0,0.01,0.75,0.2
7668255.44,70827,99.2,54.1,14.0,0.01,0.75,0.25
7668255.44,70827,99.2,54.1,14.0,0.01,0.75,0.3
7668255.44,70827,99.2,54.1,14.0,0.01,0.75,0.4
7668255.44,70827,99.2,54.1,14.0,0.01,0.75,0.5
7658022.15,5275,88.4,725.9,12.2,0.12,0.6,0.1
7658022.15,5275,88.4,725.9,12.2,0.12,0.6,0.15
7658022.15,5275,88.4,725.9,12.2,0.12,0.6,0.2
7658022.15,5275,88.4,725.9,12.2,0.12,0.6,0.25
7658022.15,5275,88.4,725.9,12.2,0.12,0.6,0.3
7658022.15,5275,88.4,725.9,12.2,0.12,0.6,0.4
7658022.15,5275,88.4,725.9,12.2,0.12,0.6,0.5
7646258.67,15093,96.2,253.3,12.2,0.08,0.65,0.1
7646258.67,15093,96.2,253.3,12.2,0.08,0.65,0.15
7646258.67,15093,96.2,253.3,12.2,0.08,0.65,0.2
7646258.67,15093,96.2,253.3,12.2,0.08,0.65,0.25
7646258.67,15093,96.2,253.3,12.2,0.08,0.65,0.3
7646258.67,15093,96.2,253.3,12.2,0.08,0.65,0.4
7646258.67,15093,96.2,253.3,12.2,0.08,0.65,0.5
7637232.12,60241,99.1,63.4,14.0,0.02,0.75,0.1
7637232.12,60241,99.1,63.4,14.0,0.02,0.75,0.15
7637232.12,60241,99.1,63.4,14.0,0.02,0.75,0.2
7637232.12,60241,99.1,63.4,14.0,0.02,0.75,0.25
7637232.12,60241,99.1,63.4,14.0,0.02,0.75,0.3
7637232.12,60241,99.1,63.4,14.0,0.02,0.75,0.4
7637232.12,60241,99.1,63.4,14.0,0.02,0.75,0.5
7590214.91,3062,80.1,1239.4,12.2,0.15,0.6,0.1
7590214.91,3062,80.1,1239.4,12.2,0.15,0.6,0.15
7590214.91,3062,80.1,1239.4,12.2,0.15,0.6,0.2
7590214.91,3062,80.1,1239.4,12.2,0.15,0.6,0.25
7590214.91,3062,80.1,1239.4,12.2,0.15,0.6,0.3
7590214.91,3062,80.1,1239.4,12.2,0.15,0.6,0.4
7590214.91,3062,80.1,1239.4,12.2,0.15,0.6,0.5
7585416.25,50078,99.0,75.7,14.0,0.03,0.75,0.1
7585416.25,50078,99.0,75.7,14.0,0.03,0.75,0.15
7585416.25,50078,99.0,75.7,14.0,0.03,0.75,0.2
7585416.25,50078,99.0,75.7,14.0,0.03,0.75,0.25
7585416.25,50078,99.0,75.7,14.0,0.03,0.75,0.3
7585416.25,50078,99.0,75.7,14.0,0.03,0.75,0.4
7585416.25,50078,99.0,75.7,14.0,0.03,0.75,0.5
7583637.73,15047,96.4,252.0,12.2,0.08,0.7,0.1
7583637.73,15047,96.4,252.0,12.2,0.08,0.7,0.15
7583637.73,15047,96.4,252.0,12.2,0.08,0.7,0.2
7583637.73,15047,96.4,252.0,12.2,0.08,0.7,0.25
7583637.73,15047,96.4,252.0,12.2,0.08,0.7,0.3
7583637.73,15047,96.4,252.0,12.2,0.08,0.7,0.4
7583637.73,15047,96.4,252.0,12.2,0.08,0.7,0.5
7521976.14,8756,93.5,429.5,12.2,0.1,0.65,0.1
7521976.14,8756,93.5,429.5,12.2,0.1,0.65,0.15
7521976.14,8756,93.5,429.5,12.2,0.1,0.65,0.2
7521976.14,8756,93.5,429.5,12.2,0.1,0.65,0.25
7521976.14,8756,93.5,429.5,12.2,0.1,0.65,0.3
7521976.14,8756,93.5,429.5,12.2,0.1,0.65,0.4
7521976.14,8756,93.5,429.5,12.2,0.1,0.65,0.5
7516583.54,40609,98.7,92.5,14.0,0.04,0.75,0.1
7516583.54,40609,98.7,92.5,14.0,0.04,0.75,0.15
7516583.54,40609,98.7,92.5,14.0,0.04,0.75,0.2
7516583.54,40609,98.7,92.5,14.0,0.04,0.75,0.25
7516583.54,40609,98.7,92.5,14.0,0.04,0.75,0.3
7516583.54,40609,98.7,92.5,14.0,0.04,0.75,0.4
7516583.54,40609,98.7,92.5,14.0,0.04,0.75,0.5
7459355.2,8710,93.8,428.2,12.2,0.1,0.7,0.1
7459355.2,8710,93.8,428.2,12.2,0.1,0.7,0.15
7459355.2,8710,93.8,428.2,12.2,0.1,0.7,0.2
7459355.2,8710,93.8,428.2,12.2,0.1,0.7,0.25
7459355.2,8710,93.8,428.2,12.2,0.1,0.7,0.3
7459355.2,8710,93.8,428.2,12.2,0.1,0.7,0.4
7459355.2,8710,93.8,428.2,12.2,0.1,0.7,0.5
7438794.71,32311,98.4,115.1,14.0,0.05,0.75,0.1
7438794.71,32311,98.4,115.1,14.0,0.05,0.75,0.15
7438794.71,32311,98.4,115.1,14.0,0.05,0.75,0.2
7438794.71,32311,98.4,115.1,14.0,0.05,0.75,0.25
7438794.71,32311,98.4,115.1,14.0,0.05,0.75,0.3
7438794.71,32311,98.4,115.1,14.0,0.05,0.75,0.4
7438794.71,32311,98.4,115.1,14.0,0.05,0.75,0.5
7434919.06,5191,89.1,716.1,12.2,0.12,0.65,0.1
7434919.06,5191,89.1,716.1,12.2,0.12,0.65,0.15
7434919.06,5191,89.1,716.1,12.2,0.12,0.65,0.2
7434919.06,5191,89.1,716.1,12.2,0.12,0.65,0.25
7434919.06,5191,89.1,716.1,12.2,0.12,0.65,0.3
7434919.06,5191,89.1,716.1,12.2,0.12,0.65,0.4
7434919.06,5191,89.1,716.1,12.2,0.12,0.65,0.5
7372298.12,5145,89.6,716.5,12.2,0.12,0.7,0.1
7372298.12,5145,89.6,716.5,12.2,0.12,0.7,0.15
7372298.12,5145,89.6,716.5,12.2,0.12,0.7,0.2
7372298.12,5145,89.6,716.5,12.2,0.12,0.7,0.25
7372298.12,5145,89.6,716.5,12.2,0.12,0.7,0.3
7372298.12,5145,89.6,716.5,12.2,0.12,0.7,0.4
7372298.12,5145,89.6,716.5,12.2,0.12,0.7,0.5
7367111.83,2978,81.1,1236.9,12.2,0.15,0.65,0.1
7367111.83,2978,81.1,1236.9,12.2,0.15,0.65,0.15
7367111.83,2978,81.1,1236.9,12.2,0.15,0.65,0.2
7367111.83,2978,81.1,1236.9,12.2,0.15,0.65,0.25
7367111.83,2978,81.1,1236.9,12.2,0.15,0.65,0.3
7367111.83,2978,81.1,1236.9,12.2,0.15,0.65,0.4
7367111.83,2978,81.1,1236.9,12.2,0.15,0.65,0.5
7358728.11,25396,98.1,144.9,14.0,0.06,0.75,0.1
7358728.11,25396,98.1,144.9,14.0,0.06,0.75,0.15
7358728.11,25396,98.1,144.9,14.0,0.06,0.75,0.2
7358728.11,25396,98.1,144.9,14.0,0.06,0.75,0.25
7358728.11,25396,98.1,144.9,14.0,0.06,0.75,0.3
7358728.11,25396,98.1,144.9,14.0,0.06,0.75,0.4
7358728.11,25396,98.1,144.9,14.0,0.06,0.75,0.5
7304490.89,2932,81.8,1245.6,12.2,0.15,0.7,0.1
7304490.89,2932,81.8,1245.6,12.2,0.15,0.7,0.15
7304490.89,2932,81.8,1245.6,12.2,0.15,0.7,0.2
7304490.89,2932,81.8,1245.6,12.2,0.15,0.7,0.25
7304490.89,2932,81.8,1245.6,12.2,0.15,0.7,0.3
7304490.89,2932,81.8,1245.6,12.2,0.15,0.7,0.4
7304490.89,2932,81.8,1245.6,12.2,0.15,0.7,0.5
7202171.71,14928,96.7,241.2,12.2,0.08,0.75,0.1
7202171.71,14928,96.7,241.2,12.2,0.08,0.75,0.15
7202171.71,14928,96.7,241.2,12.2,0.08,0.75,0.2
7202171.71,14928,96.7,241.2,12.2,0.08,0.75,0.25
7202171.71,14928,96.7,241.2,12.2,0.08,0.75,0.3
7202171.71,14928,96.7,241.2,12.2,0.08,0.75,0.4
7202171.71,14928,96.7,241.2,12.2,0.08,0.75,0.5
7077889.19,8591,94.4,411.9,12.2,0.1,0.75,0.1
7077889.19,8591,94.4,411.9,12.2,0.1,0.75,0.15
7077889.19,8591,94.4,411.9,12.2,0.1,0.75,0.2
7077889.19,8591,94.4,411.9,12.2,0.1,0.75,0.25
7077889.19,8591,94.4,411.9,12.2,0.1,0.75,0.3
7077889.19,8591,94.4,411.9,12.2,0.1,0.75,0.4
7077889.19,8591,94.4,411.9,12.2,0.1,0.75,0.5
6990832.1,5026,90.4,695.5,12.2,0.12,0.75,0.1
6990832.1,5026,90.4,695.5,12.2,0.12,0.75,0.15
6990832.1,5026,90.4,695.5,12.2,0.12,0.75,0.2
6990832.1,5026,90.4,695.5,12.2,0.12,0.75,0.25
6990832.1,5026,90.4,695.5,12.2,0.12,0.75,0.3
6990832.1,5026,90.4,695.5,12.2,0.12,0.75,0.4
6990832.1,5026,90.4,695.5,12.2,0.12,0.75,0.5
6923024.87,2813,82.9,1230.5,12.2,0.15,0.75,0.1
6923024.87,2813,82.9,1230.5,12.2,0.15,0.75,0.15
6923024.87,2813,82.9,1230.5,12.2,0.15,0.75,0.2
6923024.87,2813,82.9,1230.5,12.2,0.15,0.75,0.25
6923024.87,2813,82.9,1230.5,12.2,0.15,0.75,0.3
6923024.87,2813,82.9,1230.5,12.2,0.15,0.75,0.4
6923024.87,2813,82.9,1230.5,12.2,0.15,0.75,0.5
6838570.27,70550,99.4,48.5,0.8,0.01,0.8,0.1
6838497.01,70550,99.4,48.5,0.8,0.01,0.8,0.15
6838481.73,70550,99.4,48.5,0.8,0.01,0.8,0.2
6838481.73,70550,99.4,48.5,0.8,0.01,0.8,0.25
6838481.73,70550,99.4,48.5,0.8,0.01,0.8,0.3
6838481.73,70550,99.4,48.5,0.8,0.01,0.8,0.4
6838481.73,70550,99.4,48.5,0.8,0.01,0.8,0.5
6807458.41,59964,99.3,56.8,0.8,0.02,0.8,0.1
6807458.41,59964,99.3,56.8,0.8,0.02,0.8,0.15
6807458.41,59964,99.3,56.8,0.8,0.02,0.8,0.2
6807458.41,59964,99.3,56.8,0.8,0.02,0.8,0.25
6807458.41,59964,99.3,56.8,0.8,0.02,0.8,0.3
6807458.41,59964,99.3,56.8,0.8,0.02,0.8,0.4
6807458.41,59964,99.3,56.8,0.8,0.02,0.8,0.5
6755642.53,49801,99.2,67.8,0.6,0.03,0.8,0.1
6755642.53,49801,99.2,67.8,0.6,0.03,0.8,0.15
6755642.53,49801,99.2,67.8,0.6,0.03,0.8,0.2
6755642.53,49801,99.2,67.8,0.6,0.03,0.8,0.25
6755642.53,49801,99.2,67.8,0.6,0.03,0.8,0.3
6755642.53,49801,99.2,67.8,0.6,0.03,0.8,0.4
6755642.53,49801,99.2,67.8,0.6,0.03,0.8,0.5
6686809.83,40332,99.1,82.9,0.6,0.04,0.8,0.1
6686809.83,40332,99.1,82.9,0.6,0.04,0.8,0.15
6686809.83,40332,99.1,82.9,0.6,0.04,0.8,0.2
6686809.83,40332,99.1,82.9,0.6,0.04,0.8,0.25
6686809.83,40332,99.1,82.9,0.6,0.04,0.8,0.3
6686809.83,40332,99.1,82.9,0.6,0.04,0.8,0.4
6686809.83,40332,99.1,82.9,0.6,0.04,0.8,0.5
6609020.99,32034,98.8,103.2,0.6,0.05,0.8,0.1
6609020.99,32034,98.8,103.2,0.6,0.05,0.8,0.15
6609020.99,32034,98.8,103.2,0.6,0.05,0.8,0.2
6609020.99,32034,98.8,103.2,0.6,0.05,0.8,0.25
6609020.99,32034,98.8,103.2,0.6,0.05,0.8,0.3
6609020.99,32034,98.8,103.2,0.6,0.05,0.8,0.4
6609020.99,32034,98.8,103.2,0.6,0.05,0.8,0.5
6528954.4,25119,98.6,130.0,0.6,0.06,0.8,0.1
6528954.4,25119,98.6,130.0,0.6,0.06,0.8,0.15
6528954.4,25119,98.6,130.0,0.6,0.06,0.8,0.2
6528954.4,25119,98.6,130.0,0.6,0.06,0.8,0.25
6528954.4,25119,98.6,130.0,0.6,0.06,0.8,0.3
6528954.4,25119,98.6,130.0,0.6,0.06,0.8,0.4
6528954.4,25119,98.6,130.0,0.6,0.06,0.8,0.5
6372398.0,14651,97.6,217.5,0.6,0.08,0.8,0.1
6372398.0,14651,97.6,217.5,0.6,0.08,0.8,0.15
6372398.0,14651,97.6,217.5,0.6,0.08,0.8,0.2
6372398.0,14651,97.6,217.5,0.6,0.08,0.8,0.25
6372398.0,14651,97.6,217.5,0.6,0.08,0.8,0.3
6372398.0,14651,97.6,217.5,0.6,0.08,0.8,0.4
6372398.0,14651,97.6,217.5,0.6,0.08,0.8,0.5
6248115.47,8314,95.8,375.8,0.7,0.1,0.8,0.1
6248115.47,8314,95.8,375.8,0.7,0.1,0.8,0.15
6248115.47,8314,95.8,375.8,0.7,0.1,0.8,0.2
6248115.47,8314,95.8,375.8,0.7,0.1,0.8,0.25
6248115.47,8314,95.8,375.8,0.7,0.1,0.8,0.3
6248115.47,8314,95.8,375.8,0.7,0.1,0.8,0.4
6248115.47,8314,95.8,375.8,0.7,0.1,0.8,0.5
6161058.39,4749,92.6,648.7,0.7,0.12,0.8,0.1
6161058.39,4749,92.6,648.7,0.7,0.12,0.8,0.15
6161058.39,4749,92.6,648.7,0.7,0.12,0.8,0.2
6161058.39,4749,92.6,648.7,0.7,0.12,0.8,0.25
6161058.39,4749,92.6,648.7,0.7,0.12,0.8,0.3
6161058.39,4749,92.6,648.7,0.7,0.12,0.8,0.4
6161058.39,4749,92.6,648.7,0.7,0.12,0.8,0.5
6093251.16,2536,86.2,1201.4,0.7,0.15,0.8,0.1
6093251.16,2536,86.2,1201.4,0.7,0.15,0.8,0.15
6093251.16,2536,86.2,1201.4,0.7,0.15,0.8,0.2
6093251.16,2536,86.2,1201.4,0.7,0.15,0.8,0.25
6093251.16,2536,86.2,1201.4,0.7,0.15,0.8,0.3
6093251.16,2536,86.2,1201.4,0.7,0.15,0.8,0.4
6093251.16,2536,86.2,1201.4,0.7,0.15,0.8,0.5
